matricula,nombre,status,carrera
20210001,Ana María López García,ACTIVO,Ingeniería en Sistemas
20210002,Carlos Alberto Ruiz Pérez,ACTIVO,Ingeniería Industrial
20210003,María Fernanda Soto Díaz,BAJA,Administración
20210004,José Luis Hernández Mora,ACTIVO,Mecatrónica
20210005,Laura Patricia Gómez Vega,SUSPENDIDO,Contaduría
20210006,Diego Armando Cruz Salas,ACTIVO,Ingeniería en Sistemas
20210007,Sofía Isabel Ramírez Torres,ACTIVO,Diseño Digital
20210008,Miguel Ángel Vargas León,BAJA,Ingeniería Industrial
20210009,Valeria Nicole Mendoza Ríos,ACTIVO,Energías Renovables
20210010,Ricardo Eduardo Flores Cain,ACTIVO,Ingeniería en Sistemas
